id;numero;adresse;type_batiment;annee_construction;surface_habitable;energie_chauffage;energie_eau_chaude;energie_photovoltaique;date_dpe;classe_conso_energie;dpe_json;dpe_json_content_type;client_id
1;Outdoors Progressive microchip;Personal Loan Account Missouri virtual;Fresh;83267;42710;initiative Money Market Account;Isle of Man;28511;2020-07-24;Convertible Marks back-end payment;../fake-data/blob/hipster.png;image/png;2
2;vertical payment;one-to-one;Handcrafted Plastic Soap optical;88782;43530;secondary reboot;Communications Squares;46589;2020-07-24;Checking Account visualize Cuba;../fake-data/blob/hipster.png;image/png;2
3;Avon Texas;Factors contingency;deposit;39433;49195;Specialist navigate Sleek Concrete Shoes;Keyboard;12404;2020-07-24;Shore;../fake-data/blob/hipster.png;image/png;2
4;Licensed Soft Gloves;Personal Loan Account harness;Intelligent National;73680;29730;Personal Loan Account Loop;Pre-emptive;38069;2020-07-24;Configuration;../fake-data/blob/hipster.png;image/png;2
5;transform;Principal;purple redefine Lead;41744;72426;Books Automotive North Carolina;static Checking Account;77002;2020-07-24;Orchestrator Branding;../fake-data/blob/hipster.png;image/png;2
6;Product;Generic Soft Soap online Grenada;deposit;38922;13865;markets input copying;San Marino index;21069;2020-07-25;Directives compress;../fake-data/blob/hipster.png;image/png;2
7;feed;solid state Principal synthesize;Missouri facilitate backing up;34809;61064;calculating;generate innovative;27390;2020-07-24;Garden;../fake-data/blob/hipster.png;image/png;2
8;proactive experiences;Berkshire Planner;Forest hierarchy composite;84043;19186;compress;initiatives Home Loan Account PNG;32868;2020-07-24;calculating Bedfordshire;../fake-data/blob/hipster.png;image/png;2
9;programming;channels redundant;Internal;11224;60254;orchid;Clothing Cayman Islands Dollar Fresh;53534;2020-07-24;Cotton Rand Namibia Dollar parse;../fake-data/blob/hipster.png;image/png;2
10;Future;payment Incredible Rubber Table;Manager sky blue;79372;30406;Mexican Peso Mexican Unidad de Inversion (UDI) Cheese open system;Investment Account PNG;780;2020-07-25;Baht Cape Verde;../fake-data/blob/hipster.png;image/png;2
11;8T6GoHIBo62Zliv2ffvH;3 Impasse du Tilleul 01430 Saint-Martin-du-FrÃªne;Maison Individuelle;2013;190;Mexican Peso Mexican Unidad de Inversion (UDI) Cheese open system;Investment Account PNG;780;2020-07-25;Baht Cape Verde;../fake-data/blob/hipster.png;image/png;5
